template_v3,count
secures <NUM> contract with <PARTNER>,35279
delays product launch in <DOMAIN> segment,5180
faces regulatory review of <DOMAIN> practices,5169
files for regulatory approval of new <DOMAIN> offering,5144
"reports record quarterly revenue, up <NUM> year-over-year",5130
wins industry award for excellence in <DOMAIN>,5114
launches next-generation <DOMAIN> platform,5091
recalls products in <DOMAIN> line due to quality concerns,5087
names new head of <DOMAIN> division,5079
misses quarterly revenue estimates by <NUM>,5071
sees <NUM> margin improvement in latest quarter,5061
announces breakthrough in <DOMAIN>,5058
sees mixed results in <DOMAIN> pilot program,5057
explores strategic alternatives for <DOMAIN> unit,5045
reports rising costs pressuring margins in <DOMAIN>,5037
files routine patent applications in <DOMAIN>,5011
sees <NUM> drop in new customer orders this quarter,4998
revises long-term strategy with focus on <DOMAIN>,4994
begins scheduled maintenance of <DOMAIN> systems,4963
reports <NUM> increase in customer acquisition,4944
faces class action over <DOMAIN> service disruption,4934
announces <NUM> share buyback program,4904
reports <NUM> decline in operating income,4899
completes strategic acquisition to strengthen <DOMAIN>,4545
to host investor day focused on <DOMAIN> strategy,4492
warns of supply chain disruptions affecting <REGION> operations,4151
completes planned facility upgrade in <REGION>,4092
announces significant capital expenditure plan for <REGION>,4089
loses key contract in <REGION> to competitor,4076
expands operations into <REGION> markets,4047
"reports strong demand in <REGION>, raises outlook",4000
withdraws from <REGION> market citing unfavorable conditions,3979
reports unexpected decline in <REGION> revenue,3961
opens new office in <REGION>,3915
signs multi-year partnership with <PARTNER>,3561
enters joint venture with <PARTNER>,3484
<ROLE> steps down unexpectedly citing personal reasons,2566
<ROLE> addresses investor concerns in open letter,2549
beats analyst expectations with strong earnings growth,531
"announces restructuring plan, cites challenging market conditions",531
announces major organizational restructuring,523
to present at capital markets day,521
to present at annual industry forum,519
confirms participation in emerging markets forum,518
"in talks for potential merger, details undisclosed",516
raises full-year guidance citing robust demand,515
to present at global innovation summit,508
completes strategic acquisition to strengthen data analytics,507
confirms participation in global innovation summit,503
to host investor day focused on data analytics strategy,501
confirms participation in tech leadership conference,501
confirms participation in corporate strategy symposium,499
confirms participation in annual industry forum,497
lowers full-year guidance amid softening demand,496
achieves key regulatory milestone ahead of schedule,495
to present at corporate strategy symposium,495
confirms participation in capital markets day,491
schedules annual shareholder meeting for next month,489
publishes annual sustainability report,487
to present at emerging markets forum,484
board meeting to discuss major strategic initiative,476
to present at tech leadership conference,468
